0,"1969_Los_Angeles_Rams_season - 1985_Los_Angeles_Rams_season - 1990_Buffalo_Bills_season - 2001_Cleveland_Browns_season - 2010_Cleveland_Browns_season - 2011_Oakland_Raiders_season - 2012_Cleveland_Browns_season - 2013_Cleveland_Browns_season - 2013_Kansas_City_Chiefs_season - 2013_New_England_Patriots_season - 2015_Kansas_City_Chiefs_season - 2016_Houston_Texans_season - 2017_Houston_Texans_season - 2018_Boston_College_Eagles_football_team - 2018_Syracuse_Orange_football_team - 49ers–Raiders_rivalry - A._J._Brown_(American_football) - A._J._Klein - AJ_Dillon - Adam_Humphries - Adrian_Colbert - Al_Saunders - Alex_Anzalone - Alex_Mack - Alex_Okafor - Allen_Bailey - Alumni_Stadium - Amari_Cooper - Andre_Hal - Andre_Smith_(offensive_tackle) - Andrew_Billings - Andrus_Peat - Anthony_Hitchens - Anthony_Sherman - Appalachian_State–Georgia_Southern_football_rivalry - Arik_Armstead - Assumption_College - Austin_Carr_(American_football) - Austin_Hooper - Aventura,_Florida - Beau_Allen - Bengals–Steelers_rivalry - Bennie_Fowler_III - Berea,_Ohio - Bert_Bell - Bicycle_messenger - Bilal_Nichols - Bills–Patriots_rivalry - Billy_Cundiff - Bob_Saunders - Bob_Sutton_(American_football) - Bob_Wylie - Border_War_(Colorado_State–Wyoming_rivalry) - Brandon_Lloyd - Brandon_Zylstra - Breeland_Speaks - Brett_Rypien - Brett_Veach - Brian_Daboll - Brian_Flores - Britton_Colquitt - Brock_Osweiler - Bruce_Irvin_(American_football) - Bryant_McFadden - Buffalo–Niagara_Falls_metropolitan_area - Calvin_Pryor - Cameron_Erving - Captain_Munnerlyn - Chad_Lunsford - Charles_Clay_(American_football) - Charlie_Hennigan - Cheryl_Ford - Chiney_Ogwumike - Chris_Conley_(American_football) - Chris_Jones_(defensive_tackle,_born_1994) - Christian_Wilkins - Clemson–Florida_State_football_rivalry - Cody_Kessler - Coffee_High_School_(Georgia) - Cooper_Rush - Cordarrelle_Patterson - Corey_Bojorquez - Corey_Coleman - Cory_Littleton - Damien_Woody - Damon_Harrison - Dan_Campbell - Dane_Fletcher - Dante_Fowler_Jr. - Darren_Fells - Dave_Gettleman - Dave_Toub - David_Andrews_(American_football) - David_Fales - David_Wilson_(American_football) - Dee_Ford - Dee_Haslam - Demario_Davis - Demetrius_Harris - Dennis_Allen_(American_football) - Derek_Wolfe - Desmond_King_(American_football) - Devin_Bush - Devin_Bush_Jr. - Devin_White - Devontae_Booker - Dick_Modzelewski - Doak_Campbell_Stadium - Don_Martindale - Donte_Moncrief - Donte_Whitner - Douglas,_Georgia - Duron_Harmon - Dustin_Colquitt - Dwayne_Allen - East_Central_Tigers - Eddie_Brown_(arena_football) - Elroy_Hirsch - Emmanuel_Ogbah - Erk_Russell - Foyesade_Oluokun - Frank_Clark_(American_football) - Freddie_Kitchens - Garden_City_Community_College - Garrett_Celek - Gator_Bowl_Stadium - Gene_Steratore - Georgia_Frontiere - Georgia_Tech–Virginia_Tech_football_rivalry - Giants–Redskins_rivalry - Glenn_Curtiss - Golden_Tate - Grady_Jarrett - Greg_Joseph - Hail_Flutie - Hardy_Nickerson - Hardy_Nickerson_Jr. - Harrison_Butker - History_of_the_Cleveland_Rams - HokieBird - Holton_Hill - Howie_Roseman - Isaiah_Wynn - J._C._Jackson - Jacob_Hollister - James_Develin - Jason_Sanders - Jayron_Kearse - Jeff_Monken - Jerome_Boger - Jerry_Hughes - Jerry_Reese - Jessie_Bates_III - Jimmie_Ward - JoJo_Natson - Joe_Ferguson - Joe_Vitt - John_Denney - Johnathan_Hankins - Johnathan_Joseph - Jonathan_Jones_(American_football) - Jordan_Akins - Jordan_Devey - Jordan_Lucas - Jordan_Thomas_(American_football) - Josh_Reynolds_(American_football) - Josh_Shaw_(defensive_back) - Justin_Hardy - Justin_Jackson_(American_football) - K._C._Wolf - Kareem_Hunt - Karl_Joseph - Kelvin_Sheppard - Ken_Zampese - Kenneth_Farrow_(American_football) - Kent_Hull - Kevin_Minter - Kolton_Miller - L._P._Ladouceur - Laken_Tomlinson - Lamar_Hunt_Jr. - Lance_Kendricks - Lawrence_Guy - List_of_Buffalo_Bills_head_coaches - List_of_Buffalo_Bills_seasons - List_of_Cincinnati_Bengals_head_coaches - List_of_Dallas_Cowboys_first-round_draft_picks - List_of_Denver_Broncos_seasons - List_of_Florida_State_Seminoles_head_football_coaches - List_of_Kansas_City_Chiefs_records - List_of_Los_Angeles_Rams_head_coaches - List_of_Minnesota_Vikings_broadcasters - List_of_Minnesota_Vikings_head_coaches - List_of_National_Football_League_annual_passing_touchdowns_leaders - List_of_New_York_Giants_first-round_draft_picks - List_of_Oakland_Raiders_first-round_draft_picks - List_of_Tennessee_Titans_head_coaches - List_of_most-played_college_football_rivalries_in_NCAA_Division_I - Logos_and_uniforms_of_the_Pittsburgh_Steelers - Lorenzo_Alexander - Lorenzo_Carter_(American_football) - Luke_Stocker - Malcolm_Brown_(American_football) - Marcus_Cannon - Marcus_Sherels - Mario_Edwards_Jr. - Mark_Duffner - Marvin_Hall - Mary_Ann_Vecchio - Matt_Barkley - Matt_LaFleur - Matt_Milano - Max_Unger - Miami_Northwestern_Senior_High_School - Miccosukee - Michael_Badgley - Michael_Brockers - Michael_Huff - Michael_Schofield_(American_football) - Mike_Hughes_(American_football) - Mike_Kafka - Mike_Pettine - Mitchell_Schwartz - NFL_Network_Thursday_Night_Football_results_(2006–present) - Nate_Ebner - Nathan_Peterman - New_Era_Field_II - Nick_Martin_(American_football) - Nick_Mullens - Olivier_Vernon - Opa-locka,_Florida - Orchard_Park_(town),_New_York - P._J._Williams - Pacific_Tigers_football - Patrick_Peterson - Paul_Pasqualoni - Paulson_Stadium - Perrish_Cox - Pete_Beathard - Pete_Carmichael_Jr. - Pete_Carroll - Pharaoh_Brown - Plantation,_Florida - Pro_Football_Focus - Raheem_Mostert - Ramik_Wilson - Randy_Bullock - Randy_Lerner - Rashaan_Melvin - Ravens–Steelers_rivalry - Ray-Ray_Armstrong - Reggie_McKenzie_(linebacker) - Reggie_Ragland - Ricky_Ortiz_(American_football) - Ricky_Seals-Jones - Rob_Chudzinski - Rob_Havenstein - Rob_Ninkovich - Robert_Saleh - Rodger_Saffold - Ron_Parker - Ronald_Blair - Rondale_Moore - Ruth_Riley - Ryan_Lindley - Ryan_Ramczyk - Sam_Beal - Sam_Wyche - Scot_Loeffler - Seminole - Seminole_Tribe_of_Florida - Senio_Kelemete - Sheldon_Rankins - Spencer_Long - Spencer_Ware - Star_Lotulelei - Steelmark - Stephen_Belichick - Steve_Bartkowski - Steve_Tasker - Sylvester_Williams_(American_football) - Tajae_Sharpe - Takkarist_McKinley - Tanner_Vallejo - Taylor_Heinicke - Ted_Karras_(offensive_lineman) - Terrelle_Pryor - Terron_Armstead - Terry_McAulay - Thomas_Morstead - Tiki_Barber - Tim_Patrick - Todd_Davis_(American_football) - Tomahawk_chop - Tony_Lippett - Tre_Flowers - Tremon_Smith - Tyler_Ervin - Tyreek_Hill - Vernon_Hargreaves - Virginia–Virginia_Tech_football_rivalry - Vonn_Bell - Warpaint_(mascot) - West_Alabama_Tigers_football - Whitney_Mercilus - Wil_Lutz - Will_Fuller - William_Penn_University - Williamsville,_New_York - Willoughby,_Ohio - Xavien_Howard - Zac_Taylor - Zane_Beadles",player - football - baseball - league - coach,Pro_Football_Focus,J._C._Jackson,J._C._Jackson,2015_Kansas_City_Chiefs_season,2015_Kansas_City_Chiefs_season,Living_people
1,"1981_FA_Cup_Final - 2013_Glasgow_helicopter_crash - 2013–14_Leicester_City_F.C._season - 2014–15_Leicester_City_F.C._season - 2017–18_EFL_Cup - 2018_EFL_Cup_Final - 2018_UEFA_European_Under-17_Championship - 2018–19_Derby_County_F.C._season - 2018–19_EFL_Trophy - 2018–19_FA_Trophy - Aden_Flint - Afriyie_Acquah - Agusta - AgustaWestland_AW149 - AgustaWestland_AW169 - Air_Accidents_Investigation_Branch - Aiyawatt_Srivaddhanaprabha - Andre_Marriner - Andrea_Orlandi - Andrej_Kramarić - Andy_Hinchcliffe - Aron_Gunnarsson - Autorotation - BMW_i8 - Bangkok_University - Barry_Bannan - Bartosz_Kapustka - Beijing_Renhe_F.C. - Billy_Sharp - Bobby_Gould - Bobby_Reid_(footballer,_born_1993) - Born_and_Bred - Boyars_of_Wallachia_and_Moldavia - Brazil_at_the_1994_FIFA_World_Cup - Brian_Deane - Bruno_(footballer) - Bruno_Ecuele_Manga - Burak_Yılmaz - Callum_Paterson - Carabao_Energy_Drink - Carl_Hoddle - Cenk_Tosun - Charoen_Sirivadhanabhakdi - Cheikhou_Kouyaté - Chris_Gunter - Christian_Fuchs - Claude_Puel - Coaxial_rotors - Coffin_corner_(aerodynamics) - Connor_Mahoney - Craig_Shakespeare - Cyrus_Christie - Dancing_with_Crime - Daniel_Amartey - Danny_Fox - David_Cotterill - David_Templeton - Dean_Windass - Dejphon_Chansiri - Den_Dreef - Derek_Riordan - Dhanin_Chearavanont - Dimitar_Evtimov - Duty-free_shop - Elliott_Moore - Emiliano_Sala - Eurocopter_AS355_Écureuil_2 - F.C._Romania - Filbert_Street - Filip_Benković - Garth_Crooks - George_Thomas_(footballer,_born_1997) - Glenn_Hoddle - Glenn_Murray - Glenn_Whelan - Grady_Diangana - Graham_Hill_plane_crash - Gyrodyne - Ham_Polo_Club - Hamilton,_South_Lanarkshire - Harry_Gregg - Harry_Wilson_(footballer,_born_1997) - Helicopter_height–velocity_diagram - Horfield - Ian_Blackford - Ian_Marshall_(English_footballer) - Ian_St_John - Jack_Cork - Jack_Robinson_(footballer,_born_1993) - Jake_Buxton - James_Chester - James_McArthur - James_McClean - James_Pearson_(footballer,_born_1993) - James_Tomkins_(footballer) - James_Vaughan_(footballer,_born_1988) - Jason_Mohammad - Jason_Puncheon - Jayden_Bogle - Jeff_Hendrick - Jeffrey_Schlupp - Jesus_nut - Jimmy_Dunne_(footballer,_born_1997) - Joe_Garner - Joe_Lumley - Joel_Ward_(footballer) - John_Bauldie - John_Fleck_(footballer) - Jon_Rudkin - Jonas_Lössl - Jonathan_Moss_(referee) - Jordan_Rhodes - Junior_Stanislas - Jóhann_Berg_Guðmundsson - Kasper_Schmeichel - Kate_Bottley - Kawin_Thamsatchanan - Keith_Andrews_(footballer) - Ken_Bates - Kenneth_Zohore - King_Power - King_Power_Stadium - Kirsty_Blackman - Kris_Commons - Leicester_City_F.C._in_European_football - Liam_Boyce - Liam_Bridcutt - List_of_Brighton_and_Hove_Albion_F.C._records_and_statistics - List_of_Leicester_City_F.C._managers - List_of_Leicester_City_F.C._seasons - List_of_Thais_by_net_worth - List_of_accidents_and_incidents_involving_helicopters - List_of_duty-free_shops - Logan_Bailly - Loss_of_tail-rotor_effectiveness - Lucas_Akins - Luka_Milivojević - Lukas_Lerager - Luke_Freeman - Luke_Steele_(footballer) - Marcin_Wasilewski - Mark_Lawrenson - Martin_Atkinson - Martin_Braithwaite - Marvin_Sordell - Maryport - Mason_Bennett - Mason_Holgate - Massimo_Luongo - Matt_Piper - Matt_Smith_(footballer,_born_1989) - Matthew_Harding - Matty_James - Mechai_Viravaidya - Mel_Morris_(businessman) - Milan_Mandarić - Miss_Thailand_Universe_2005 - Miss_Universe_Thailand - Muay_boran - Nahki_Wells - New_Douglas_Park - Nobby_Stiles - Omar_Bogle - Oud-Heverlee_Leuven - Patricia_Dainton - Paul_McStay - Paweł_Wszołek - Peter_Whittingham - Phil_Babb - Pirelli_Stadium - Pratt_&_Whitney_Canada_PW200 - Rachid_Ghezzal - Rajabhat_University_system - Richard_Keogh - Rip_It - Robbie_Brady - Roberto_Donadoni - Roy_Aitken - Royal_Thai_General_System_of_Transcription - Ruth_Davidson - Ryan_Fredericks - Ryan_Sessegnon - Sarpsborg - Sarpsborg_08_FF - Sarpsborg_Stadion - Scott_Cooper_(football_manager) - Scott_Fraser_(footballer,_born_1995) - Scott_Malone - Sean_Morrison_(footballer) - Sebastian_Larsson - Sikorsky–Boeing_SB-1_Defiant - Sol_Bamba - Stephen_Quinn - Stephen_Warnock - Steven_Pressley - Suning.com - Suning_Holdings_Group - Sven-Göran_Eriksson - Tail_rotor - Thai_Chinese - Thai_royal_and_noble_titles - Thammasat_University_massacre - Toni_Leistner - Tugay_Kerimoğlu - Turf_Moor - Tyrone_Mears - United_(2011_film) - Vicente_Iborra - Vichai_Srivaddhanaprabha - Víctor_Camarasa - Westland_Helicopters - Workington_A.F.C. - Yohan_Benalouane - Zhang_Jindong - Àngel_Rangel",footballer - f.c. - división - argentine - fc,King_Power_Stadium,Leicester_City_F.C._in_European_football,Leicester_City_F.C._in_European_football,2014–15_Leicester_City_F.C._season,2014–15_Leicester_City_F.C._season,Living_people
2,"1990–91_Asian_Club_Championship - 2002–03_UEFA_Champions_League_group_stage - 2002–03_UEFA_Champions_League_qualifying_rounds - 2008–09_A.C._Milan_season - 2010_UEFA_Europa_League_Final - 2016_AFC_Champions_League - 2017_Superclásico_de_las_Américas - 2017–18_Inter_Milan_season - 2017–18_UEFA_Champions_League_group_stage - 2017–18_UEFA_Youth_League - 2018_AFC_Champions_League_Final - 2018_CAF_Champions_League_Final - 2018_CAF_Champions_League_knockout_stage - 2018_Copa_do_Brasil - 2018_Superclásico_de_las_Américas - 2018–19_PSV_Eindhoven_season - 2018–19_Sporting_CP_season - 2018–19_UEFA_Europa_League_knockout_phase - 2018–19_UEFA_Youth_League_group_stage - 2019_Copa_do_Brasil - AEK_Larnaca_FC - AS_Vita_Club - Abdoulay_Diaby - Achraf_Hakimi - Adi_Hütter - Adrian_Ungur - Alan_Patrick - Albert_Stubbins - Aleksei_Miranchuk - Alexander_Hleb - Alireza_Beiranvand - Alyaksey_Baha - Angelo_Ogbonna - Angelos_Anastasiadis - Anton_Miranchuk - Apostolos_Giannou - Awer_Mabil - Axel_Witsel - Azadi_Stadium - Aziz_Behich - Baghdad_Bounedjah - Barysaw - Bert_van_Marwijk - Bill_Nicholson_(footballer) - Borisov_Arena - Branko_Ivanković - Bruno_Fernandes_(footballer,_born_1994) - Bruno_Gaspar - C.D._Primeiro_de_Agosto - CAF_Confederation_Cup - CS_Universitatea_Craiova - Carl_Cort - Christian_Ziege - Cody_Gakpo - Copa_do_Brasil - Dan-Axel_Zagadou - Daniel_Schwaab - Darko_Pančev - De_Klassieker - Dejan_Damjanović - Dietmar_Hamann - Dmytro_Chygrynskiy - Donbass_Arena - Donyell_Malen - El_Fardou_Ben_Nabouhane - Elvis_Sarić - Emiliano_Viviano - English_football_clubs_in_international_competitions - Espérance_Sportive_de_Tunis - Estádio_José_Alvalade - Ethan_Horvath - Eugen_Trică - FC_Vorskla_Poltava - Fernando_(Brazilian_footballer,_born_1992) - Fernando_(footballer,_born_1999) - Filip_Kostić - Filip_Stojković - Fredy_Montero - Gabi_(footballer,_born_1983) - Gastón_Pereiro - Giorgian_De_Arrascaeta - Go_Oiwa - Godwin_Mensha - Gonzalo_Higuaín - Graham_Arnold - Gunnar_Nordahl - Hannes_Wolf_(football_manager) - Harry_Joseph_Bowman - Ilie_Balaci - Jeroen_Zoet - Jonathan_Cafú - Jorrit_Hendrix - Jos_Luhukay - José_Peseiro - Jovane_Cabral - Jung_Seung-hyun - Júnior_Moraes - Jürgen_Klinsmann - Kashima_Antlers - Kashima_Soccer_Stadium - Kaveh_Rezaei - Kik_Pierie - Kwoun_Sun-tae - Lassana_Coulibaly - Leandro_(footballer,_born_1993) - Lenny_Pintor - Leon_Cort - Liana_Ungur - List_of_Asian_Club_Championship_and_AFC_Champions_League_finals - List_of_FC_Bayern_Munich_records_and_statistics - List_of_Olympic_medalists_in_football - List_of_UEFA_Europa_League_broadcasters - Lucien_Favre - Luka_Jović - Léo_Silva - Manchester_City_F.C._in_European_football - Mandy_Capristo - Manuel_Fernandes_(footballer,_born_1986) - Marcel_Răducanu - Marcos_Acuña - Marinos_Ouzounidis - Mark_Walters - Massimo_Carrera - Mateo_García - Matthias_Ginter - Maurice_Edu - Mauro_Icardi - Maximiliano_Romero - Mesut_Özil - Metalist_Oblast_Sports_Complex - Michael_Skibbe - Michael_Thomas_(footballer,_born_1967) - Mijat_Gaćinović - Milan_Borjan - Miloš_Degenek - Milperra_massacre - Moussa_Marega - Nemanja_Gudelj - Nicolae_Dobrin - Night_Wolves - Niklas_Hult - Noussair_Mazraoui - Paul_Breitner - Paul_Walsh - Petros_Mantalos - Philips_Stadion - Pierre-Emerick_Aubameyang - Radosav_Petrović - Raphaël_Guerreiro - Raúl_Riancho - Renan_Ribeiro - Richmond_Boakye - Robin_van_Persie - Robinho_(footballer,_born_1987) - Rodrigo_Battaglia - Ruben_Loftus-Cheek - Răzvan_Lucescu - Sebastian_Rode - Serginho_(footballer,_born_1995) - Sofiane_Hanni - Stefano_Sturaro - Steve_Nicol - Stuart_Holden - Superclásico_de_las_Américas - Suwaiq_Club - Sylvinho - Taison - Thomas_Deng - UD_Vecindario - Vladan_Milojević - Vyacheslav_Hleb - Wesley_Moraes - Willy_Aubameyang - Zé_Luís",footballer - f.c. - división - argentine - fc,2018–19_UEFA_Europa_League_knockout_phase,2018–19_UEFA_Youth_League_group_stage,2018–19_UEFA_Youth_League_group_stage,2018–19_Sporting_CP_season,2018–19_Sporting_CP_season,Living_people
3,"1993_Castlerock_killings - 2006_Seattle_Jewish_Federation_shooting - 2009_Collier_Township_shooting - 2009_shooting_of_Pittsburgh_police_officers - 2014_Jerusalem_synagogue_attack - 88_Precepts - AR-15_style_rifle - Adrienne_Clarkson - Ahrar_al-Sham - Allantide - American_Freedom_Party - Antisemitism_and_the_New_Testament - Antisemitism_in_the_United_States - Assault_weapons_legislation_in_the_United_States - Banser - Barack_Obama_assassination_plot_in_Tennessee - Barack_Obama_on_social_media - Baruch_Goldstein - Beggars_Night - Benaki_Museum - Bereavement_in_Judaism - Binghamton_shootings - Blue_Christmas_(holiday) - Brit_milah - Calan_Gaeaf - Cameron_Diaz_filmography - Campaign_Against_Antisemitism - Canadian_content - Capital_Gazette_shooting - Cave_of_the_Patriarchs_massacre - Celtic_calendar - Charleston_church_shooting - Chief_Rabbinate_of_Israel - Clementa_C._Pinckney - Conservative_Judaism - Copycat_crime - Cultural_Bolshevism - Curtis_Allgier - David_Lau - Death_pose - Devin_Kelley - Dublin_Marathon - Dziady - Elections_in_Israel - Emanuel_African_Methodist_Episcopal_Church - Enemy_of_the_people - Etz_Chaim - Execution-style_murder - Expulsions_and_exoduses_of_Jews - Fajr-5 - Faris_Odeh - Feast_of_Christ_the_King - Flag_of_Georgia_(U.S._state) - Flag_of_Slovenia - Frazier_Glenn_Miller_Jr. - Gab - Gab_(social_network) - Gabbai - Gog_and_Magog - Greene_County,_Missouri - Greysteel - Greysteel_massacre - Gun_laws_in_Pennsylvania - Guto_Bebb - HIAS - Halloween_(poem) - Halloween_cake - Harrods_bombing - Havdalah - History_of_antisemitism - Holy_day_of_obligation - Honorifics_for_the_dead_in_Judaism - Hop-tu-Naa - Igor_Gouzenko - Iron_Beam - Iron_Dome - Islamic_Jihad_Movement_in_Palestine - Jack_Lopresti - Jeffersontown_Kroger_shooting - Jenny_Tonge,_Baroness_Tonge - Jeremy_Ryan - Jews_for_Jesus - Jonathan_Greenblatt - Kaddish - Kaunas_massacre_of_October_29,_1941 - Kerch_Polytechnic_College_massacre - Knoxville_Unitarian_Universalist_church_shooting - List_of_active_nationalist_parties_in_Europe - List_of_figures_in_nationalism - List_of_flags_by_number_of_colors - List_of_mass_shootings_in_the_United_States - Los_Angeles_Jewish_Community_Center_shooting - Loughinisland_massacre - Lyndon_B._Johnson - MPT-76 - Marysville_Pilchuck_High_School_shooting - Mass_shooting - Mass_shootings_in_the_United_States - Messianic_Judaism - Michael_Wildes - Milan_Rastislav_Štefánik - Mukachevo - Mummers_play - Municipal_elections_in_Israel - Murder_of_Blaze_Bernstein - Murder_of_Neal_Rosenblum - National_Policy_Institute - Nationalism - Nationalist_(disambiguation) - Nationalist_Movement - New_Nationalism_(Theodore_Roosevelt) - Ninth_Fort - Notes_on_Nationalism - October_Holiday - Oklahoma_City_sonic_boom_tests - Origins_of_Czechoslovakia - Overland_Park_Jewish_Community_Center_shooting - Palestinian_rocket_attacks_on_Israel - Paul_Nehlen - Persecution_of_Jews - Peter_Ueberroth - Pittsburgh_shooting - Productive_forces - Public_holidays_in_Belgium - Public_holidays_in_Hungary - Public_holidays_in_Switzerland - Public_holidays_in_the_Czech_Republic - Public_holidays_in_the_Republic_of_Ireland - Qassam_rocket - Rasam - Retrocession_Day - Richard_B._Spencer - Richard_Baumhammers - Roman_Vishniac - Safsaf - Safsaf_massacre - Sarah_Wollaston - Sarawak_layer_cake - Scared_Shrekless - Sderot - Semitic - Semitic_people - Snap-dragon_(game) - Sutherland_Springs_church_shooting - Synagogue - Taft–Hartley_Act - Thursday_of_the_Dead - Tikkun_olam - Timeline_of_antisemitism - Torrens_Knight - Totensonntag - Tree_of_life - United_States_Holocaust_Memorial_Museum_shooting - Vigil - Waddell_Buddhist_temple_shooting - Watchnight_service - Wojak - Wotansvolk - Zaduszki - Zeved_habat - Zionist_Occupation_Government_conspiracy_theory - Évian_Conference",attack - mass - shooting - terrorist - house,Synagogue,List_of_mass_shootings_in_the_United_States,List_of_mass_shootings_in_the_United_States,Synagogue,Synagogue,Living_people
4,1904_Boston_Americans_season - 1906_World_Series - 1912_Boston_Red_Sox_season - 1914_Boston_Braves_season - 1914_World_Series - 1916_Brooklyn_Robins_season - 1917_World_Series - 1918_Boston_Red_Sox_season - 1920_Brooklyn_Robins_season - 1923_World_Series - 1939_World_Series - 1954_World_Series - 1966_World_Series - 1986_American_League_Championship_Series - 1996_St._Louis_Cardinals_season - 2000_New_York_Yankees_season - 2001_American_League_Championship_Series - 2001_Arizona_Diamondbacks_season - 2003_Boston_Red_Sox_season - 2008_Philadelphia_Phillies_season - 2008_Tampa_Bay_Rays_season - 2008_Washington_Redskins_season - 2009_New_York_Yankees_season - 2009_Philadelphia_Phillies_season - 2010_American_League_Championship_Series - 2010_San_Francisco_Giants_season - 2010_Texas_Rangers_season - 2011_Texas_Rangers_season - 2012_Boston_Red_Sox_season - 2014_American_League_Division_Series - 2014_Boston_Red_Sox_season - 2014_Detroit_Tigers_season - 2014_New_York_Yankees_season - 2015_Boston_Red_Sox_season - 2016_Los_Angeles_Dodgers_season - 2017_National_League_Division_Series - 2018_Japan_Series - Alan_Embree - Allen_Craig - American_League_Division_Series - Andy_Barkett - Babe_Ruth_Award - Baseball_in_Japan - Bengie_Molina - Bernie_Carbo - Bill_Freehan - Bill_Wambsganss - Bob_Geren - Bobby_Poyner - Bobby_Richardson - Boomer_and_Gio - Boston_Citgo_sign - Boston_Red_Sox_Hall_of_Fame - Brian_Bannister - Brian_Johnson_(pitcher) - Brodie_Van_Wagenen - Buck_Martinez - Bunt_(baseball) - Byung-hyun_Kim - Carlos_Febles - Carson_Smith_(baseball) - Charlie_Montoyo - Chris_Guccione_(umpire) - Chris_Myers - Chris_Singleton_(baseball) - Chris_Woodward - Dick_Howser_Trophy - Dick_Williams - Doubleheader_(baseball) - Dylan_Floro - Extra_innings - Game_seven - Grand_Slam_Single - Ground_rule_double - Hank_Aaron - Hank_Aaron_Award - Harry_Frazee - Hideki_Matsui - History_of_the_Philadelphia_Phillies - Hunter_Wendelstedt - Interference_(baseball) - Isaac_M._Taylor - Japan_Series - Jeff_Nelson_(umpire) - Jeff_Wilpon - Jeffrey_Maier - Jimmy_Collins - Joe_McCarthy_(manager) - John_I._Taylor - John_Sterling_(sportscaster) - Johnny_Podres - José_Molina_(baseball) - Justin_Morneau - Karim_García - Keith_Foulke - Keith_Moreland - Kelly_Johnson_(baseball) - Ken_Harrelson - Kerwin_Danley - Kevin_Cash - Kirk_Gibson - Larry_Lucchino - List_of_Boston_Red_Sox_award_winners - List_of_Boston_Red_Sox_captains - List_of_Italian_Americans_in_sports - List_of_Major_League_Baseball_awards - List_of_Minnesota_Twins_managers - List_of_Tampa_Bay_Buccaneers_broadcasters - List_of_baseball_players_who_underwent_Tommy_John_surgery - List_of_teams_to_overcome_3–1_series_deficits - Longest_professional_baseball_game - MLB_Japan_All-Star_Series - Major_League_Baseball_Reliever_of_the_Year_Award - Major_League_Baseball_tie-breaking_procedures - Major_professional_sports_leagues_in_the_United_States_and_Canada - Manny_Delcarmen - Matt_Keough - Max_Muncy - Mike_Hazen - Nancy_Bea - National_Association_of_Base_Ball_Players - National_Association_of_Professional_Base_Ball_Players - National_League_East - New_York_Knickerbockers - Oklahoma_City_Dodgers - Opener_(baseball) - Oscar_Taveras - Ralph_Houk - Ramón_Vázquez - Rick_Manning - Rick_Monday - Rick_Sutcliffe - Rico_Petrocelli - Rocco_Baldelli - Sam_Kennedy_(baseball_executive) - Sam_Travis - Scott_Alexander - Scott_Van_Slyke - Shelby_Miller - Sports_in_the_New_York_metropolitan_area - Stan_Kasten - Steve_Bartman_incident - Suspended_game - Tag_up - Ted_Barrett - Ted_Kluszewski - The_Catch_(baseball) - Thom_Brennaman - Tim_Timmons_(umpire) - Tom_Goodwin - Tom_Kelly_(baseball) - Tony_Saunders - Tony_Sipp - Trevor_May - Trevor_Rosenthal - Turner_Ward - Walk-off_home_run - Wally_the_Green_Monster - William_Cuevas,player - football - baseball - league - coach,Walk-off_home_run,2017_National_League_Division_Series,2017_National_League_Division_Series,National_League_East,Walk-off_home_run,Living_people
5,1960_in_film - 1961_in_film - 1962_in_film - 1963_in_film - 1964_in_film - 1965_in_film - 1966_in_film - 1967_in_film - 1971_in_film - 1973_in_film - 1975_in_film - 1978_in_film - 1979_in_film - 1980_in_film - 5th_Ave_Girl - A_Day_at_the_Races_(film) - A_Royal_Scandal_(film) - A_Weekend_with_Lulu - Al_Schmid - Alejandro_Rey - Alice_Adams_(film) - Allan_Jones_(actor) - Andy_Clyde - Ann_Doran - Ann_E._Todd - Ann_Todd - Anna_Maria_Alberghetti - Back_in_Circulation - Banacek - Barefoot_in_the_Park_(film) - Bedlam_(film) - Bessie_Love - Beyond_the_Poseidon_Adventure - Bill_Travers - Blind_Date_(1959_film) - Blood_of_the_Vampire - Born_Yesterday_(1950_film) - Born_Yesterday_(play) - Brighton_Rock_(1948_film) - Brompton_Cemetery - Brubaker - Captains_Courageous - Captains_Courageous_(1937_film) - Caren_Kaye - Carroll_Borland - Carry_On_Screaming! - Cheyenne_Autumn - Claude_Jarman_Jr. - Dane_Clark - Deborah_Walley - Dinah_Sheridan - Don_Porter - Earthquake_(1974_film) - Ed_Nelson - Edna_Best - Elizabeth_Allan - Ellen_Drew - Ernest_Thesiger - Evelyn_Brent - Fantasy_Island_(1998_TV_series) - Françoise_Dorléac - Freddie_Bartholomew - Geordie_(film) - George_Adamson - George_Bancroft_(actor) - George_Macready - Get_Cracking - Glenda_Farrell - Harbinger_(DC_Comics) - Herbert_Marshall - Hurd_Hatfield - Irene_Handl - Irene_Hervey - Isle_of_the_Dead_(film) - It_Should_Happen_to_You - Jack_Riley_(actor) - Jacqueline_Pierreux - Jacques_Tati - Jan_Sterling - Jason_Robards_Sr. - Jean-Pierre_Léaud - Jean_Arthur_filmography - Jean_Hersholt - Jeff_Donnell - John_Cromwell_(director) - John_Phillip_Law - John_Wesley_Shipp - Last_Holiday_(1950_film) - Lilian_Bond - Lisa_Jane_Persky - List_of_Fantasy_Island_episodes - List_of_Fantasy_Island_guest_stars - Lonely_Are_the_Brave - Lori_Martin - Louise_Platt - Lucy_Gordon_(actress) - Madeleine_(1950_film) - Margaret_Dumont - Margaret_Lindsay - Mark_Stevens_(actor) - Mark_of_the_Vampire - Micheline_Presle - Monitor_(comics) - Monsieur_Hulot - Mr._Deeds_Goes_to_Town - Nia_Nal - Night_Monster - No_Highway_in_the_Sky - Norah_Gorsen - Nurse_on_Wheels - Odd_Man_Out - Our_Miss_Brooks - Our_Miss_Brooks_(film) - Paul_Sand - Peter_Mark_Richman - Pride_of_the_Marines - Raid_on_Rommel - Raising_the_Wind_(1961_film) - Ralph_Morgan - Rio_Grande_(film) - Robb_Derringer - Ronald_Lewis_(actor) - Russ_Conway - Ryan_Aeronautical - Sailor_Beware!_(1956_film) - Sarah_Marshall_(British_actress) - She_Wore_a_Yellow_Ribbon - Slither_(1973_film) - Sunil_Dutt - Taste_of_Fear - The_Agony_and_the_Ecstasy_(film) - The_Dark_Corner - The_Earthling - The_Enchanted_Cottage_(1945_film) - The_Ex-Mrs._Bradford - The_Flash_(1990_TV_series) - The_Little_Minister_(1934_film) - The_Man_Who_Talked_Too_Much - The_Silver_Horde_(1930_film) - The_Sound_Barrier - The_Spirit_of_St._Louis_(film) - There_Was_a_Crooked_Man... - Tim_Holt - Time_Without_Pity - Tom_Horn_(film) - Tom_Tyler - Trog - Vera_Cruz_(film) - Virginia_Bruce - Voyage_to_the_Bottom_of_the_Sea - Walk_on_the_Wild_Side_(film) - What_Price_Hollywood? - Woman_in_a_Dressing_Gown,film - actor - actress - set - comedy,1965_in_film,The_Little_Minister_(1934_film),The_Little_Minister_(1934_film),1967_in_film,1967_in_film,English-language_films
6,"1975_NBA_Finals - 1976_NBA_Finals - 1977_NBA_Finals - 2017–18_Portland_Trail_Blazers_season - 2018_NBA_G_League_draft - 2018–19_Detroit_Pistons_season - 2018–19_Philadelphia_76ers_season - 2018–19_Portland_Trail_Blazers_season - 76ers–Celtics_rivalry - Al_Attles - Al_McGuire - Alec_Burks - Andrew_Toney - Andy_Kennedy_(basketball) - Anta_Sports - Anthony_Brown_(basketball) - B._J._Tyler - Banana_Boat_Team - Baraboo,_Wisconsin - Basketball_at_the_1988_Summer_Olympics - Basketball_at_the_1992_Summer_Olympics - Boban_Marjanović - Bobby_Dixon - Bruce_Brown_Jr. - Bruce_Fraser_(basketball) - Cathy_Rush - Championship_ring - Charlie_Scott - Chris_Paul - Chubby_Cox - Dale_Brown_(basketball) - Damyean_Dotson - Darius_Bazley - Darius_Miles - Daryl_Morey - Dave_DeBusschere - Dear_Basketball - Dennis_Scott_(basketball) - Derrick_Walton - Donyell_Marshall - Doug_Moe - Dragan_Bender - Dražen_Petrović - Dāvis_Bertāns - Earl_Clark - Earl_Lloyd - Eastern_Air_Lines_Flight_66 - Eric_Piatkowski - Flagrant_foul - Furkan_Korkmaz - Geno_Auriemma - George_W._Archibald - Guerschon_Yabusele - HTTR - Hail_to_the_Redskins - Hakim_Warrick - Harrisburg_Senators - Henry_Ellenson - Holly_Warlick - Immaculata_University - Jack_Kent_Cooke - Jack_Molinas - Jack_Ramsay - Jack_Twyman - Jay_Triano - Jeff_Bzdelik - Joe_Bryant - John_Cox_(basketball,_born_1981) - John_Henson_(basketball) - Jonas_Jerebko - Joseph_R._Cistone - Justin_Patton - KK_Mega_Basket - Keith_Langford - Kent_Benson - Kentucky_Colonels - Kermit_Washington - Keyon_Dooling - Klay_Thompson - Knicks–Nuggets_brawl - LaPhonso_Ellis - Lamar_Patterson - Landover,_Maryland - Langston_Galloway - Leon_Rose - Linor_Abargil - List_of_Detroit_Pistons_head_coaches - List_of_Houston_Rockets_first_and_second_round_draft_picks - List_of_National_Basketball_Association_annual_three-point_field_goals_leaders - List_of_National_Basketball_Association_career_games_played_leaders - List_of_Phoenix_Suns_head_coaches - List_of_Toronto_Raptors_head_coaches - List_of_career_achievements_by_Kobe_Bryant - List_of_first_overall_NBA_G_League_draft_picks - List_of_highest-scoring_NBA_games - List_of_people_banned_or_suspended_by_the_NBA - Lloyd_Avery_II - Lockdown_(2000_film) - Luka_Šamanić - Maurice_Harkless - Maurice_Lucas - Maurice_Stokes - Michael_Malone_(basketball) - Miles_Simon - MonteCristo - Monty_Williams - Mychel_Thompson - NBA_Championship_ring - NBA_fines - Nathan_Jawai - National_Basketball_Players_Association - Nick_Calathes - Nik_Stauskas - Nikola_Jokić - Nikola_Mirotić - Nolan_Richardson - Omar_Cook - Ozzie_and_Daniel_Silna - Patrick_Beverley - Patrick_Patterson_(basketball) - Paul_Westphal - Popeye_Jones - Quentin_Richardson - Ramon_Sessions - Rich_Paul - Richie_Powers - Rick_Pitino - Rick_Welts - Rob_Pelinka - Rodney_McGruder - Roger_Brown_(basketball,_born_1942) - Ron_Adams - Sekou_Doumbouya - Spirits_of_St._Louis - Summerfield,_Maryland - Terry_Stotts - Tim_Legler - Tommy_Burleson - Tornike_Shengelia - Tyler_Ennis_(basketball) - Vanport,_Oregon - Warren_Jabali - Wendell_Ladner - Will_Wade_(basketball) - Willie_Green - Willie_Reed - Wyc_Grousbeck - Šarūnas_Jasikevičius - Šarūnas_Marčiulionis",player - football - baseball - league - coach,Maurice_Lucas,Rick_Welts,Rick_Welts,Charlie_Scott,Charlie_Scott,Living_people
7,"1984_Purdue_Boilermakers_football_team - 1998_Rose_Bowl - 2000_Purdue_Boilermakers_football_team - 2012_Ohio_State_Buckeyes_football_team - 2013_Ohio_State_Buckeyes_football_team - 2016_Arizona_Cardinals_season - 2016_NCAA_Division_I_FBS_football_rankings - 2016_Texas_Tech_Red_Raiders_football_team - 2017_Arizona_Cardinals_season - 2017_Iowa_Hawkeyes_football_team - 2017_Purdue_Boilermakers_football_team - 2018_Navy_Midshipmen_football_team - 2019_Rose_Bowl - A._B._Stoddard - Adam_Archuleta - Al_Golden - Albertsons_Stadium - Aldrick_Rosas - Allison_Williams_(reporter) - Amon_G._Carter_Stadium - Andrew_Norwell - Anthony_Becht - Arizona_Stadium - Arthel_Neville - Barry_Church - Bear_Down - Big_Ten_Network - Bobby_Douglass - Boilermaker_Special - Brad_Nessler - Brian_Lewerke - Brock_Huard - Brutus_Buckeye - CBS_Sports_Network - Carlos_Hyde - Chuck_Long - DJ_Chark - Damon_Allen - Darrell_Hazell - David_Blough - David_Urban - DeVier_Posey - Drew_Bledsoe - Dusty_Dvoracek - Elfrid_Payton_(Canadian_football) - Ellison_Barber - Gardner_Minshew - Harold_Goodwin_(American_football) - History_of_the_Arizona_Cardinals - Howard_Kurtz - Irv_Smith - Jack_Crawford_(American_football) - Jamie_Erdahl - Jarrod_Wilson - Jedd_Fisch - Jeff_Brohm - Jerry_Kill - Jim_Leavitt - Joe_Tiller - John_Purdue - Jon_Runyan - Jonathan_Morris_(priest) - Jonathan_Smith_(American_football_coach) - Jones_AT&T_Stadium - Jordan_Lynch - Josh_Lambo - Julia_Ioffe - Julie_Banderas - Kapri_Bibbs - Katie_Pavlich - Kellen_Mond - Ken_Niumatalolo - Kenny_Hill_(quarterback) - Kerryon_Johnson - Khalil_Tate - Kinnick_Stadium - Leo_Rautins - List_of_Arizona_Cardinals_head_coaches - List_of_Arizona_Cardinals_seasons - List_of_Arizona_Wildcats_head_football_coaches - List_of_Big_Ten_Conference_football_rivalry_games - List_of_ESPN_College_Football_broadcast_teams - List_of_ESPN_College_Football_on_ABC_personalities - List_of_Illinois_Fighting_Illini_head_football_coaches - List_of_Oregon_Ducks_head_football_coaches - List_of_Purdue_Boilermakers_football_seasons - List_of_Purdue_Boilermakers_head_football_coaches - Little_Brown_Jug_(college_football_trophy) - Liz_Marlantes - Matt_Rhule - Michael_Bidwill - Michie_Stadium - Mike_Leach - Mike_Leach_(American_football_coach) - Mike_Pereira - Mike_Reilly_(quarterback) - Minnesota–Nebraska_football_rivalry - Mo_Alie-Cox - Nate_Stanley - Nate_Stupar - Navy_Midshipmen - Nick_Holt - Notre_Dame–Purdue_football_rivalry - Ohio_State_IMG_Sports_Network - Onondaga_Lake - Otto_the_Orange - Pac-12_Network - Phil_Keating - Plainfield,_Illinois - Purdue_Boilermakers - Purdue_Pete - Purdue_University_system - Purdue_Wreck - Quadree_Henderson - Quarterback_U - Quinn_Nordin - Rebecca_Haarlow - Richard_Todd_(American_football) - Riley_Dixon - Robert_Smith_(running_back) - Rocky_Boiman - Ronnie_Harrison - Runaway_bride_case - Ryan_Day_(American_football) - Sean_Grande - Shannon_Spake - Skip_Holtz - Spencer_Tillman - Steve_Ishmael - Steve_Keim - Steve_Levy - Syracuse_Orange - The_Greg_Gutfeld_Show - The_Victors - Tom_Allen_(American_football) - Tommy_McDonald_(American_football) - Tracy_Claeys - Triple_option - Tyson_Helton - Wally_Buono - Washington_State_Cougars - Winged_football_helmet - Wishbone_formation - Younghoe_Koo",player - football - baseball - league - coach,Big_Ten_Network,2017_Purdue_Boilermakers_football_team,2017_Purdue_Boilermakers_football_team,Big_Ten_Network,Big_Ten_Network,Living_people
8,2016_WTA_Finals - 2018_Erste_Bank_Open_–_Doubles - 2018_Erste_Bank_Open_–_Singles - 2018_European_Open_–_Singles - 2018_Rolex_Paris_Masters_–_Doubles - 2018_Rolex_Paris_Masters_–_Singles - 2018_Stockholm_Open_–_Singles - 2018_Swiss_Indoors_–_Doubles - 2018_Swiss_Indoors_–_Singles - 2018_WTA_Elite_Trophy_–_Doubles - 2018_WTA_Elite_Trophy_–_Singles - Abhishek_Kapoor - Adeel_Malik - Adrian_Mannarino - Ajla_Tomljanović - Alexei_Popyrin - Aliaksandra_Sasnovich - Anastasija_Sevastova - Andrei_Pavel - Anett_Kontaveit - Anna_Kalinskaya - Arjun_Rampal - Arvind_Panagariya - Asad_Shafiq - Benoît_Paire - Bradley_Klahn - Cameron_Norrie - Chandraprakash_Dwivedi - Chung_Hyeon - CoCo_Vandeweghe - Colin_Munro - DY_Patil_Stadium - Damir_Džumhur - Daria_Kasatkina - Daria_Kasatkina_career_statistics - Demi_Schuurs - Dennis_Novak - Donna_Vekić - Elias_Ymer - Elina_Svitolina_career_statistics - Elise_Mertens - Ernests_Gulbis - European_Open_(tennis) - Feliciano_López - Fernando_Verdasco - Frances_Tiafoe - Félix_Auger-Aliassime - Gabriella_Demetriades - Gilles_Simon - Glenn_Phillips_(cricketer) - Greenfield_International_Stadium - Guillermo_Coria - Henri_Laaksonen - Ish_Sodhi - Jan-Lennard_Struff - Jessica_Korda - Jessica_Pegula - John_Millman - João_Sousa - Julia_Görges_career_statistics - Jürgen_Melzer - Kanika_Dhillon - Kashi_Ka_Assi - Kateřina_Siniaková - Kei_Nishikori_career_statistics - Kiki_VanDeWeghe - List_of_Koffee_with_Karan_episodes - List_of_Pakistan_Twenty20_International_cricket_records - Lucas_Pouille - Madison_Keys - Marco_Cecchinato - Marius_Copil - Mehr_Jesia - Mikael_Ymer - Mike_Hesson - Mikhail_Kukushkin - Mischa_Zverev - Mohalla_Assi - Moin-ul-Haq - Moin-ul-Haq_Stadium - Márton_Fucsovics - Nambi_Narayanan - Nelly_Korda - New_Zealand_cricket_team_against_Pakistan_in_the_UAE_in_2014–15 - Nicolas_Mahut - Ons_Jabeur - Pakistani_cricket_team_in_New_Zealand_in_2017–18 - Peter_Polansky - Petr_Korda - Philipp_Kohlschreiber - Pierre-Hugues_Herbert - Pragya_Yadav - Radek_Štěpánek - Regina_Rajchrtová - Rennae_Stubbs - Richard_Gasquet - Robin_Haase - Ruben_Bemelmans - Sam_Querrey - Sania_Mirza - Shahbaz_Nadeem - Sheikh_Zayed_Cricket_Stadium - Shoaib_Malik - Shweta_Salve - Sloane_Stephens_career_statistics - Stockholm_Open - Taylor_Fritz - Tennys_Sandgren - Tim_Southee - Tímea_Babos - Ugo_Humbert - Valentini_Grammatikopoulou - Vera_Zvonareva - Vitalia_Diatchenko - WTA_Elite_Trophy - Wang_Qiang_(tennis) - Yuki_Bhambri - Zed_Plus,tennis - cricketer - open - cricket - zealand,Sania_Mirza,2018_Swiss_Indoors_–_Doubles,2018_Swiss_Indoors_–_Doubles,2018_Rolex_Paris_Masters_–_Singles,2018_Rolex_Paris_Masters_–_Singles,Living_people
9,"2001_UEFA_Cup_Final - 2015_Copa_Libertadores - 2016_Copa_Libertadores - 2016_MLS_Cup_Playoffs - 2017_Copa_Libertadores - 2017–18_Copa_del_Rey - 2018_Copa_Libertadores_Finals - 2018_Copa_Libertadores_final_stages - 2018_D.C._United_season - 2018_LA_Galaxy_season - 2019_Major_League_Soccer_season - Abelardo_Fernández - Alan_Gordon_(soccer) - Albert_Celades - Alexander_Callens - América_de_Cali - Andy_Polo - Apertura_2018_Copa_MX - Apple_A12X - Arena_do_Grêmio - Asteasu - Brayan_Cortés - Bressan_(footballer) - Brooklyn_Academy_of_Music - CD_Logroñés - Caretaker_manager - Carles_Busquets - Chris_Durkin - Christian_Giménez_(footballer,_born_1981) - Cristo_González - Cucho_Hernández - Dani_Barrio - Darío_Benedetto - David_Hess - David_Solari_(footballer) - Dayro_Moreno - Derrick_Etienne - Digital_pen - Eelco_Schattorie - Enrique_Esqueda - Eric_Carr - Eric_Singer - Erwin_Koeman - Estadio_Municipal_Álvarez_Claro - Estadio_Reino_de_León - Esteban_Solari - Falcão_(futsal_player) - Gustavo_Gómez - Hertz_Arena - IPad_Pro - Iago_Aspas - Ignacio_Scocco - Iván_Campo - Iván_Helguera - Jael_Ferreira - Jason_Everman - Javier_Pinola - Jeffrén_Suárez - John_Woodvine - Jonathan_Calleri - Jordan_Rossiter - Jorge_Solari - Jorge_Valdano - Juan_José_Calero - Juan_Pablo_Ángel - Juan_Ramón_López_Caro - Juan_Ramón_Ruano - Julen_Lopetegui - Júnior_Fernándes - Kiss_(band) - Kiss_Farewell_Tour - Kissworld_Tour - La_Liga_Player_of_the_Month - Laurie_Cunningham - Leonardo_Gomes - Leonardo_Ponzio - List_of_Copa_Libertadores_broadcasters - List_of_Copa_Libertadores_finals - List_of_El_Clásico_matches - List_of_Kiss_members - List_of_MLS_Cup_finals - List_of_Spain_national_football_team_managers - Liz_Solari - Lucas_Boyé - Lucas_Ocampos - Lucas_Pratto - Lynn_Farleigh - Maicon_Souza - Manuel_Sanchís_Martínez - Margareta_Svensson - Melilla_border_fence - Mendizorrotza_Stadium - Ola_Kamara - Ouzinkie,_Alaska - Pedro_Caixinha - Pedro_Geromel - Rafael_Santos_Borré - Raúl_Ruidíaz - Reinaldo_Rueda - Renato_Portaluppi - Ricardo_Gareca - SD_Huesca - Sandra_Peabody - Santiago_Solari - Sebastián_Abreu - Spain_at_the_FIFA_World_Cup - Spanish_football_league_system - Temur_Ketsbaia - Trond_Sollied - UD_Melilla - UE_Sant_Andreu - Vanderlei_Luxemburgo - Walter_Kannemann - Wim_Kieft",footballer - f.c. - división - argentine - fc,Lucas_Pratto,2018_Copa_Libertadores_Finals,2018_Copa_Libertadores_Finals,Caretaker_manager,2017_Copa_Libertadores,Living_people
10,"Albany_Law_School - Alex_Witt - Alison_Starling - An_Acceptable_Loss - Andrew_Lack_(executive) - Anthony_Atamanuik - Baldwin,_Pennsylvania - Barry_McCaffrey - Bert_Williams - Bill_Peduto - Blackface - Brian_Frosh - Broadway_Melody_of_1940 - Bugs_Bunny - Bye_Bye_Braverman - Caitlin_Clarke - Capital_punishment_in_Pennsylvania - Capital_punishment_in_South_Dakota - Carole_Shelley - Catherine_Rampell - Charles_Correll - Chatham_University - Columbia_County,_Pennsylvania - Coming_to_America - Constance_Cummings - Curtis_Hill - Deanna_Dunagan - Elliot_Richardson - Flag_of_Pittsburgh - Flight_Command - Frances_Wolf - Freeman_Gosden - George_Murphy - George_Walker_(vaudeville) - Gilly_Coman - Godfrey_Cambridge - Grumman_F3F - Gurbir_Grewal - History_of_the_Jews_in_Pittsburgh - Holiday_Magic - Honolulu_(film) - Howard_Fineman - If_U_Seek_Amy - In_Dahomey - Jacob_Soboroff - Jacqueline_Alemany - James_Fallows - Jilly_Cooper - Jose_Diaz-Balart - Josh_Shapiro - Judith_Martin - Judy_Agnew - Julie_Roginsky - KDKA-TV - KDKA_(AM) - Kay_Hammond - Leslie_Rutledge - Lieutenant_governor_(United_States) - List_of_CBS_television_affiliates_(table) - List_of_Jewish_American_journalists - List_of_Jewish_American_politicians - List_of_entertainers_who_performed_in_blackface - List_of_mayors_of_Pittsburgh - List_of_people_executed_in_Pennsylvania - List_of_people_executed_in_South_Dakota - List_of_people_from_Pittsburgh - Lists_of_American_Jews - Lodi,_New_Jersey - Luke_Ravenstahl - Martha_Raddatz - Matt_Drudge - Megyn_Kelly - Miguel_Almaguer - Morgan_Radford - Mount_Wolf,_Pennsylvania - Nancy_Kelly - New_Jersey_Attorney_General - Paul_Kelly_(actor) - Penn_State_Beaver - Peter_Alexander_(journalist) - Phyllis_Newman - Pittsburgh_Police - Pogo_(comic_strip) - Point_Breeze,_Pittsburgh - Politicon - Politics_of_Pennsylvania - Rebecca_Alexander - Richard_Glossip - Rosemary_DeCamp - Ruth_Hussey - Rutshire_Chronicles - Salisbury - Seal_of_Pennsylvania - Settle_for_More - Shadyside_(Pittsburgh) - SimCity - Spiro_Agnew - Squirrel_Hill_(Pittsburgh) - State_attorney_general - Stephen_Fienberg - Steve_Schmidt - Sunday_Night_with_Megyn_Kelly - The_Bad_Seed - The_Beautician_and_the_Beast - The_Kelly_File - Tim_Moore_(comedian) - Tom_Wolf - Victoria_Lederberg - WJLA-TV - Weekend_Today - Whiteface_(performance) - William_Ruckelshaus - Zohra_Lampert",film - actor - actress - set - comedy,Megyn_Kelly,Flag_of_Pittsburgh,Flag_of_Pittsburgh,Pittsburgh_Police,List_of_people_from_Pittsburgh,Living_people
11,"2004_San_Diego_Chargers_season - Aaron_Latham - Aaron_Taylor_(American_football,_born_1972) - Alex_Lewis_(offensive_lineman) - Amy_Walter - Bilal_Powell - Blake_Martinez - Booger_McFarland - Boston_Celtics_Radio_Network - Bryan_Bulaga - CBS_News_Sunday_Morning - CBS_Television_Stations - Catherine_Leroy - Chandler_Catanzaro - Charlie_Frye - Cheesehead - Chester_Marcol - Chris_Herndon - Chris_Mortensen - Christine_Simpson - Cleveland_Browns_Radio_Network - Craig_Simpson - Curt_Menefee - Dallas_Cowboys_Radio_Network - Dave_Dameshek - Deontay_Burnett - Dick_Stockton - Donnie_Edwards - Dontrelle_Inman - Elijah_McGuire - Elijah_Pitts - Eric_Kumerow - Face_the_Nation - Football_Night_in_America - Green_Bay_Packers_cheerleaders - Gustavo_Chacín - History_of_Monday_Night_Football - History_of_the_Green_Bay_Packers - Ian_Eagle - Indian_Packing_Company - Jaire_Alexander - Jake_Kumerow - James_Brown_(sportscaster) - James_Lofton - Joel_Sartore - Joey_Bosa - John_Bosa - Josh_Jackson_(cornerback) - Josh_Scobee - Kathryn_Hamm - Kelvin_Beachum - Kenny_Clark_(defensive_tackle) - Kevin_King_(American_football) - Lawrence_Taylor - Lehigh_Valley_IronPigs - Lesley_Stahl - Liam_McHugh - List_of_Green_Bay_Packers_broadcasters - List_of_Green_Bay_Packers_players - List_of_Los_Angeles_Rams_broadcasters - List_of_Miami_Dolphins_broadcasters - List_of_Monday_Night_Football_results_(2010–present) - List_of_suspensions_in_the_National_Football_League - Margaret_Brennan - Mark_Chmura - Mason_Crosby - Melissa_Stark - Mike_Daniels_(American_football) - Mike_Florio - Mike_Fratello - Mike_Keenan - Monday_Night_Countdown - Morgan_Burnett - NFL_RedZone - NFL_Sunday_Ticket - National_Football_League_television_blackout_policies - Natrell_Jamerson - New_England_Patriots_Radio_Network - Nick_Bosa - Nick_Perry_(American_football) - Packers_Radio_Network - Pittsburgh_Steelers_Radio_Network - Quinten_Rollins - Randy_Hahn - River_City_Relay - Ryan_Grant_(running_back) - Sarah_Kustok - Scott_Hanson - Seth_Joyner - Sirius_XM_NFL_Radio - Steve_Kroft - Sunday_NFL_Countdown - Taxation_of_illegal_income_in_the_United_States - Terry_Beasley - Tessa_Bonhomme - The_NFL_Today - The_Photo_Ark - Tim_Mara - Todd_Bergen - Tom_Jackson_(American_football,_born_1951) - Tony_Accardo - Tracy_Smith_(journalist) - Tramon_Williams - Trenton_Cannon - Ty_Montgomery - WKRK-FM - Wayne_Simmons_(American_football) - Yangtze_giant_softshell_turtle",player - football - baseball - league - coach,List_of_Green_Bay_Packers_players,Cleveland_Browns_Radio_Network,Cleveland_Browns_Radio_Network,James_Brown_(sportscaster),List_of_Green_Bay_Packers_players,Living_people
12,2012_Boeing_727_crash_experiment - 2012_Mount_Salak_Sukhoi_Superjet_crash - 2018_Algerian_Air_Force_Ilyushin_Il-76_crash - 2018_Ju-Air_Junkers_Ju_52_crash - 2018_Pretoria_Convair_340_crash - ACAE_CJ-1000A - Adam_Air - Adam_Air_Flight_172 - Aeroméxico_Connect_Flight_2431 - Aeroperú_Flight_603 - Air_Canada_Flight_759 - Air_France_accidents_and_incidents - Air_India_Express_Flight_812 - Air_India_Flight_855 - Air_Vanuatu_Flight_241 - Airblue_Flight_202 - American_Airlines_Flight_1 - American_Airlines_Flight_1420 - Andrea_Manfredi - Asiana_Airlines_Flight_214 - Aviastar_Flight_7503 - Aviation_in_Indonesia - BCPA_Flight_304 - Bahia_Bakari - Bangka_Belitung_Islands - Bangka_Island - Batik_Air - Batik_Air_Flight_7703 - Birgenair_Flight_301 - Boeing_737 - Boeing_737_MAX - Boeing_737_rudder_issues - CFM_International_LEAP - Cathay_Pacific_Flight_780 - Cellica_Nurrachadiana - China_Airlines_Flight_120 - Citilink - Continental_Express_Flight_2574 - Crossair_Flight_498 - Depati_Amir_Airport - Ethiopian_Airlines_Flight_409 - Flash_Airlines_Flight_604 - Flightradar24 - Flydubai_Flight_981 - Garuda_Indonesia_Flight_152 - Garuda_Indonesia_Flight_200 - Garuda_Indonesia_Flight_421 - History_of_Nauru - Hull_loss - Indonesia_AirAsia - Iran_Aseman_Airlines_Flight_3704 - Japan_Airlines_Flight_2 - Java_Sea - Karawang - Karawang_Regency - Korean_Air_Cargo_Flight_8509 - Lengpui_Airport - Leul_Abate - Lion_Air_Australia - Lion_Air_Flight_583 - Lion_Air_Flight_904 - Lion_Air_Group_destinations - List_of_Philippine_Airlines_accidents_and_incidents - List_of_accidents_and_incidents_involving_airliners_by_airline - List_of_accidents_and_incidents_involving_airliners_by_airline_(A–C) - List_of_accidents_and_incidents_involving_airliners_by_location - List_of_accidents_and_incidents_involving_the_Airbus_A320_family - List_of_accidents_and_incidents_involving_the_Boeing_737 - List_of_air_carriers_banned_in_the_European_Union - List_of_airlines_of_Indonesia - List_of_aviation_accidents_and_incidents_in_Indonesia - Maia_Estianty - Malaysian_Airline_System_Flight_653 - Malindo_Air - Merpati_Nusantara_Airlines - Ministry_of_Finance_(Indonesia) - Mohammad_Hatta - NAM_Air - National_Search_and_Rescue_Agency - Nok_Air - Northwest_Airlines_Flight_85 - Pangkal_Pinang - Pegasus_Airlines_Flight_8622 - Rudder_travel_limiter - Safran_Aircraft_Engines - Saratov_Airlines_Flight_703 - Search_for_Malaysia_Airlines_Flight_370 - Sri_Mulyani - Sriwijaya_Air - Supreme_Court_of_Indonesia - Susi_Air - Thai_Airways_International_Flight_311 - Thai_Lion_Air - Transvaal_Colony - Turkish_Airlines_Flight_6491 - US-Bangla_Airlines_Flight_211 - Underwater_locator_beacon - Utair_Flight_579 - Western_Airlines_Flight_2605 - Wings_Air - Xiamen_Airlines_Flight_8667 - Yirol_Let_L-410_Turbolet_crash - Zero_Airport,accident - airliner - indonesia - airline - aviation,List_of_aviation_accidents_and_incidents_in_Indonesia,List_of_aviation_accidents_and_incidents_in_Indonesia,Yirol_Let_L-410_Turbolet_crash,List_of_accidents_and_incidents_involving_airliners_by_location,List_of_accidents_and_incidents_involving_airliners_by_location,Airliner_accidents_and_incidents_caused_by_pilot_error
13,"15_February_2003_anti-war_protests - Adam_Boulton - Alok_Sharma - Angela_Douglas - Ash_Sarkar - Ayesha_Hazarika - Beautiful_Life_(Rick_Astley_album) - Bernard_Weatherill - Bret_Taylor - British_Government_frontbench - Buckingham_(UK_Parliament_constituency) - Budget_Day - Business_for_Britain - Cambridge_–_Milton_Keynes_–_Oxford_corridor - Caroline_Nokes - Chief_Secretary_to_the_Treasury - Chris_Huhne - Claire_Perry - Danny_Alexander - Dominic_Grieve - Dominic_Raab - East_West_Rail - Effect_of_Brexit_on_Gibraltar - Elliot_Schrage - Eric_Pickles - Evan_Davis - Francesca_Martinez - Garden_Bridge - George_Thomas,_1st_Viscount_Tonypandy - Heidi_Allen - Heiko_Maas - Human_rights_violations_during_the_Yemeni_Civil_War_(2015–present) - Iain_Dale - Institute_for_Fiscal_Studies - Ivan_Lewis - John_Redwood - Johnny_Miller - Jon_Sopel - Julian_Dunkerton - Kate_Hoey - Kate_Osamor - Kids_(Robbie_Williams_and_Kylie_Minogue_song) - Leader_of_the_Liberal_Democrats - Lindsay_Hoyle - List_of_Speakers_of_the_British_House_of_Commons - List_of_protests_in_the_United_Kingdom - Mansour_bin_Muqrin - Mari_Lwyd - Maria_Miller - Mark_Field - Marsha_de_Cordova - Menzies_Campbell - Michael_Fabricant - Michael_Martin,_Baron_Martin_of_Springburn - Miriam_González_Durántez - National_Living_Wage - Newsnight - Newton-le-Willows - Nick_Clegg - Non-Hodgkin_lymphoma - North_Wales - Office_for_Budget_Responsibility - Open_Britain - Open_Europe - Opposition_to_Brexit_in_the_United_Kingdom - Owen_Oyston - Owen_Paterson - Oxford_to_Cambridge_Expressway - Paul_Azinger - Paul_Johnson_(economist) - Philip_Hammond - Poll_tax_riots - Protests_against_the_Iraq_War - Rachel_Reeves - Resolution_Foundation - Richard_Allan,_Baron_Allan_of_Hallam - Rick_Astley - Sam_Gyimah - Sarah_Champion - Scott_Mann_(politician) - Send,_Surrey - Sheffield_Hallam_(UK_Parliament_constituency) - South_Thanet_(UK_Parliament_constituency) - Stephanie_Flanders - Steve_Baker_(politician) - Stewart_Jackson - Suella_Braverman - Territorial_Support_Group - Theresa_Villiers - Tiger_Squad - Tony_Christie - Tracey_Crouch - Varsity_Line - Vicky_Pryce - Yeomen_of_the_Guard",attack - mass - shooting - terrorist - house,Nick_Clegg,Opposition_to_Brexit_in_the_United_Kingdom,Opposition_to_Brexit_in_the_United_Kingdom,Newsnight,Newsnight,Living_people
14,3-Minute_Warning - Afa_Anoaʻi - Afa_Anoaʻi_Jr. - Aleister_Black - Aliyah_(wrestler) - André_the_Giant - Apollo_Crews - Austin_Aries - Belle_Gibson - Blood_brother - Braun_Strowman - Bret_Hart - Bull_Nakano - CM_Punk - Cesaro_(wrestler) - Crimson_(wrestler) - DIY_(professional_wrestling) - Dana_Brooke - Daniel_Vidot - Dark_Journey_(wrestling) - Dick_Murdoch - Dick_Slater - Drew_McIntyre - El_Ligero - Elias_(wrestler) - Evolve_(professional_wrestling) - Evolve_Championship - Evolve_Tag_Team_Championship - Fabian_Aichner - Florida_Championship_Wrestling - Franchise_player - Gary_Albright - Glasgow_Caledonian_University - History_of_WWE_SmackDown - Héroes_Inmortales_XII - James_Ellsworth_(wrestler) - Jax_Dane - Jimmy_Snuka - Kairi_Sane - Kennadi_Brink - Kenta_Kobashi - Lacey_Evans - Les_Thatcher - Leukemia - Lince_Dorado - Lio_Rush - List_of_ROH_World_Tag_Team_Champions - List_of_WWE_Cruiserweight_Champions - List_of_WWE_Raw_Tag_Team_Champions - List_of_current_champions_in_WWE - List_of_family_relations_in_professional_wrestling - Lloyd_Anoaʻi - Lȧȧz_Rockit - Mark_Jindrak - Mayu_Iwatani - Mia_Yim - Mike_Chioda - Mike_Graham_(wrestler) - Mio_Shirai - Máscara_Dorada - NXT_UK_Tag_Team_Championship - Pat_Nevin - Petey_Williams - Professional_wrestling_championship - ROH_World_Tag_Team_Championship - Renee_Young - Rodney_Mack - Rosey_(wrestler) - Sam_Fatu - Samu_(wrestler) - Samuel_Shaw_(wrestler) - Scarlett_Bordeaux - Sika_Anoaʻi - Tamina_Snuka - The_Headshrinkers - The_Lucha_Dragons - The_Shield_(professional_wrestling) - The_Wild_Samoans - Tian_Bing - Tim_Storm - Tommy_Rich - Tony_Chimel - Tyler_Breeze - Umaga_(wrestler) - Venkatesh_Kulkarni - WWE_Raw_25_Years - WWE_Raw_Tag_Team_Championship - WWE_Universal_Championship - WWN_Championship - Zhang_Fei,player - football - baseball - league - coach,Cesaro_(wrestler),Kennadi_Brink,Kennadi_Brink,Drew_McIntyre,Drew_McIntyre,Living_people
15,"2010_Grand_Prix_motorcycle_racing_season - 2011_Grand_Prix_motorcycle_racing_season - 2014_MotoGP_season - 2015_MotoGP_season - 2015_World_Wrestling_Championships - 2016_MotoGP_season - 2016_World_Wrestling_Championships - 2018_Australian_motorcycle_Grand_Prix - 2018_Japanese_motorcycle_Grand_Prix - Adeline_Gray - Akhmed_Chakaev - Akhmed_Gadzhimagomedov - Alejandro_Valdés - Aleksandr_Chekhirkin - Alireza_Karimi - Andrea_Iannone - Artem_Surkov - Artur_Aleksanyan - Australian_motorcycle_Grand_Prix - Bekkhan_Ozdoev - Brad_Binder - Daijiro_Kato - Dauren_Kurugliev - David_Taylor_(wrestler,_born_1990) - Davor_Štefanek - Elmurat_Tasmuradov - Ezzatollah_Akbari - Fabio_Quartararo - Fatih_Erdin - Francesco_Bagnaia - Frank_Chamizo - Frank_Stäbler - Gadzhimurad_Rashidov - Geno_Petriashvili - Hafizh_Syahrin - Hassan_Yazdani - Heiki_Nabi - Helen_Maroulis - Hossein_Nouri - Islam_Abbasov - Jabrayil_Hasanov - Jack_Miller_(motorcyclist) - James_Green_(wrestler) - Japanese_motorcycle_Grand_Prix - Johann_Zarco - Kyle_Dake - List_of_Grand_Prix_motorcycle_racing_winners - List_of_MotoGP_rider_records - Magomedrasul_Gazimagomedov - Maksim_Manukyan - Marc_Márquez - Marco_Bezzecchi - Maverick_Viñales - Max_Biaggi - Metehan_Başar - Mick_Doohan - MotoE_World_Cup - Musa_Evloev - Nick_Gwiazdowski - Parviz_Hadi - Pavlo_Oliynyk - Petra_Olli - Phillip_Island_Grand_Prix_Circuit - Pooja_Dhanda - Péter_Bácsi - Rafig_Huseynov - Rasul_Chunayev - Remy_Gardner - Rıza_Kayaalp - Saeid_Abdevali - Sandro_Cortese - Sergey_Semenov_(wrestler) - Sharif_Sharifov - Taha_Akgül - Takuto_Otoguro - Taybe_Yusein - Viktor_Nemeš - Vladimer_Khinchegashvili - Wayne_Gardner - Wrestling_at_the_2016_Summer_Olympics - Yamaha_Motor_Racing - Yowlys_Bonne - Zaurbek_Sidakov - Zhan_Beleniuk - Zurabi_Iakobishvili - Álex_Márquez - Álvaro_Bautista",tennis - cricketer - open - cricket - zealand,2015_World_Wrestling_Championships,2015_World_Wrestling_Championships,2015_World_Wrestling_Championships,2015_World_Wrestling_Championships,2015_World_Wrestling_Championships,Living_people
16,"Academia_Militar_das_Agulhas_Negras - Academy_Award_for_Best_Costume_Design - Albert_Reynolds - Artur_da_Costa_e_Silva - Avante_(political_party) - Balance_of_trade - Barbara_Morgan - Billy_Rose - Brazilian_Air_Force_One - Brazilian_Communist_Party - Brazilian_Labour_Party_(current) - Brazilian_Military_Junta_of_1969 - Brazilian_Miracle - Brazilian_presidential_inauguration - Brazil–United_States_relations - Carlos_Bolsonaro - Cearbhall_Ó_Dálaigh - Christian_Democratic_Party_(Brazil) - Christian_Labour_Party - Costume_party - DOI-CODI - Daniel_Correa_Freitas - David_Miranda_(politician) - David_Norris_(politician) - Delhi_Republic_Day_parade - Emílio_Garrastazu_Médici - Ernesto_Geisel - Esporte_Clube_São_Bento - Export - Federal_Senate - Fred_Trump - Frederick_Trump - Funny_Lady - Gilberto_Kassab - Gleisi_Hoffmann - Guilherme_Boulos - Helen_Morgan - History_of_Honduras - Honduras–United_States_relations - Humberto_de_Alencar_Castelo_Branco - India–Syria_relations - Irish_presidential_election - Itamar_Franco - Jean_Wyllys - Joaquim_Barbosa - João_Figueiredo - Juiz_de_Fora - Jânio_Quadros - LGBT_rights_in_Brazil - Levy_Fidelix - List_of_diplomatic_visits_to_India - Livres_(movement) - Magno_Malta - Marcos_Pontes - Mary_Anne_MacLeod_Trump - Ministry_of_Foreign_Affairs_(Brazil) - Monarchism_in_Brazil - Myxobolus_cerebralis - National_Party_of_Honduras - Nicky_Arnstein - Palácio_da_Alvorada - Parade - Patrick_Hillery - Paulo_Guedes - Popular_Socialist_Party_(Brazil) - Progressive_Party_(Brazil,_1993) - Reform_Progressive_Party - Republican_Party_of_the_Social_Order - Social_Democratic_Party_(Brazil,_2011) - São_José_dos_Pinhais - Sérgio_Moro - United_States_involvement_in_regime_change_in_Latin_America - Unity_Day_(Russia) - Veracity_of_statements_by_Donald_Trump - Vice_President_of_Brazil - Vladimir_Herzog",attack - mass - shooting - terrorist - house,Parade,Magno_Malta,Magno_Malta,Federal_Senate,Federal_Senate,Living_people
17,"Acoustic_Kitty - Alexander_Vandegrift - Alsos_Mission - Anti-tank_dog - Anton_Johan_Rønneberg - Bat_bomb - Battle_for_Henderson_Field - Battle_of_Cape_Esperance - Battle_of_the_Tenaru - Blue_Peacock - British_Solomon_Islands - Cactus_Air_Force - Canister_shot - Central_Landing_Establishment - Einar_Skinnarland - Erling_Rønneberg - Fieldfare_Cabin - Freeskiing - Gengo_Hyakutake - Guadalcanal - Guadalcanal,_Seville - Guadalcanal_Province - Guadalcanal_campaign - Gunnar_Sønsteby - Gunnerside - Harukichi_Hyakutake - Henderson_Field_(Guadalcanal) - Honiara - Honiara_International_Airport - Imperial_Japanese_Army - Jens-Anton_Poulsson - Joachim_Rønneberg - Jon_McMurray - Kerberos_Panzer_Cop - Kerberos_saga - Knut_Haukelid - Leapfrogging_(strategy) - Leif_Tronstad - List_of_World_War_II_battles_involving_the_United_States - M551_Sheridan - Masatane_Kanda - Medal_of_Freedom_(1945) - Milorg - Mitchell_Paige - Naval_Battle_of_Guadalcanal - Norwegian_Independent_Company_1 - Norwegian_heavy_water_sabotage - Norwegian_resistance_movement - Operation_Cottage - Operation_Freshman - Operation_Ke - Operation_Osoaviakhim - Osamu_Shimomura - Project_Pigeon - Provinces_of_Solomon_Islands - Rjukan - Rønneberg_family - SF_Hydro - Saburō_Hyakutake - Sara_Montiel - Serenade_(1956_film) - Solomon_Islands_(archipelago) - Statue_of_Peace - Telemark - Telemark_skiing - The_Heavy_Water_War - The_Heroes_of_Telemark - The_Red_Spectacles - Ulla_Jacobsson - Vemork - War_pig - Watership_Down - Wing_walking",film - actor - actress - set - comedy,Norwegian_resistance_movement,Honiara,Honiara,Norwegian_resistance_movement,Norwegian_resistance_movement,Guadalcanal_Campaign
18,"1919_United_States_anarchist_bombings - 2001_anthrax_attacks - 2010_Times_Square_car_bombing_attempt - 2016_New_York_and_New_Jersey_bombings - 2017_Congressional_baseball_shooting - Adam_Kinzinger - Alfredo_Cantu_Gonzalez - Ami_Bera - Andy_Biggs - April_2013_ricin_letters - Assassination_threats_against_Barack_Obama - Austin_serial_bombings - Ben_Jacobs_(journalist) - Ben_Ray_Luján - Bob_Vance_(jurist) - Brendan_Boyle - Bruce_Edwards_Ivins - Cancellation_(mail) - Club_for_Growth - Commanding_General,_United_States_Army_Forces_Command - Corrine_Brown - David_Cicilline - David_Gelernter - Debbie_Wasserman_Schultz - Edward_Bellamy - Eric_Rudolph - FEAR_(terrorist_group) - Faegre_Baker_Daniels - Frances_Townsend - French_Hill_(politician) - George_Metesky - Gina_Haspel - Greg_Gianforte - Gregory_Meeks - House_of_Representatives - John_Canley - John_O._Brennan - John_Ratcliffe_(American_politician) - Joyce_Vance - Julia_Brownley - Laura_J._Richardson - Laura_Richardson - Letter_bomb - List_of_terrorist_incidents_in_New_York_City - Lloyd_Smucker - Luke_Helder - Marinus_van_der_Lubbe - Mary_Bono - Maxine_Waters - Michael_Morell - Mike_Bost - Murder_of_Gary_Triano - Murphysboro,_Illinois - Nanette_Barragán - Neozapatismo - Patrick_Gaspard - Paul_Volcker - Pete_Olson - Pipe_bomb - Postmark - Raphael_Bostic - Ricardo_López_(stalker) - Richard_Clarida - Rick_Crawford_(politician) - RightNow_Technologies - Robert_Smith_Vance - Robin_Kelly - Shannon_Richardson - Skip_Campbell - Stephen_Moore_(writer) - Steven_Hatfill - Ted_Kaczynski - Walter_Moody",attack - mass - shooting - terrorist - house,Letter_bomb,Nanette_Barragán,Nanette_Barragán,Mike_Bost,Mike_Bost,Living_people
19,"2007_Karsaz_bombing - 2016_Saudi_Arabia_mass_execution - Adel_al-Jubeir - Agathe_Habyarimana - Agathe_Uwilingiyimana - Ahmad_Asiri_(general) - Ahmed_Obeid_bin_Daghr - Al-Islah_(Yemen) - Al-Yamama - Andrew_Fisher - Angus_Taylor_(politician) - Antony_Green - Argument_to_moderation - Assassination_of_Jamal_Khashoggi - Aziza_al-Yousef - Belgrad_Forest - Carl_Wilkens - Centre_Alliance - Clover_Moore - Committee_for_the_Promotion_of_Virtue_and_the_Prevention_of_Vice_(Saudi_Arabia) - Craig_Laundy - Cyprien_Ntaryamira - David_Hurley - Demonstration_(political) - Disposition_Matrix - Division_of_Warringah - Electoral_results_for_the_Division_of_Wentworth - Eman_al-Nafjan - Exit_poll - Fahad_Albutairi - False_balance - Foreign_workers_in_Saudi_Arabia - Gerontocracy - Ibrahim_bin_Abdullah_Al_Suwaiyel - International_Convention_on_the_Elimination_of_All_Forms_of_Racial_Discrimination - Jane_Caro - Jean_Kambanda - Juvénal_Habyarimana - List_of_Australian_federal_by-elections - Loujain_al-Hathloul - Lubicon_Lake_Indian_Nation - Maeen_Abdulmalik_Saeed - Melissa_Price_(politician) - Members_of_the_Australian_House_of_Representatives,_2016–2019 - Michael_Wooldridge - Ministry_of_Foreign_Affairs_(Saudi_Arabia) - Morrison_Government - Non-apology_apology - Pasteur_Bizimungu - Penny_Wong - Peter_King_(Australian_politician) - Philip_Ruddock - Prime_Minister_of_Saudi_Arabia - Protests_against_Rodrigo_Duterte - Protocol_Relating_to_the_Status_of_Refugees - Psephology - Robert_Faurisson - Rubber_bullet - Rwandan_Revolution - Sagay,_Negros_Occidental - Salah_Mohammed_Tubaigy - Saudi_Royal_Guard_Regiment - Tadawul - Terrorism_in_Saudi_Arabia - Théoneste_Bagosora - Tunisian_Revolution - United_Nations_Commission_on_International_Trade_Law - United_Nations_Human_Rights_Committee - We_Wish_to_Inform_You_That_Tomorrow_We_Will_Be_Killed_with_Our_Families - Women_to_drive_movement - World_Development_Information_Day - Yemeni_Revolution",treaty - extended - rwanda - rwandan - arabian,Assassination_of_Jamal_Khashoggi,Assassination_of_Jamal_Khashoggi,Assassination_of_Jamal_Khashoggi,Assassination_of_Jamal_Khashoggi,Assassination_of_Jamal_Khashoggi,Living_people
